"",Franklin,Jerry
Bed,15.5,11.37
Desk,11.16,9.969999
Food,9.459999,18.35