"",Franklin,Jerry
Bed,15.39417,11.29229
Desk,11.22951,10.04771
Food,9.529507,18.39204