"",Franklin,Jerry
Food1,10.45,7.4
Bed1,11.40072,14.45072
Bed2,11.24,14.29
Food2,8.22,4.43
Toilet1,4.73,0.94
Toilet2,4.73,0.94
Sink1,5.399,5.193
Sink2,4.117772,7.167772
TV,5.55,9.34