"",Franklin,Jerry
Bed,21.64588,3
Desk,14.80588,18.34
Food,3.000001,22.87731